Post Date,Post Content,Image Suggestion,Hashtags,Post Type,Target Audience
2026-02-01,"ğŸ  Is your home ready for a fresh start this February? Our professional cleaning team can transform your space in hours, not days. Get an instant quote at CleanQuote.io and see why busy homeowners trust us! âœ¨","Before/after home cleaning split image","#HomeCleaning #CleanHome #ProfessionalCleaning #CleanQuote #SparklingClean",Educational,Home Cleaning
2026-02-05,"ğŸ’¼ Small business owners: First impressions matter! A clean office shows clients you care about details. Get a custom quote for your workspace in under 2 minutes. No back-and-forth, just results. ğŸ¯","Clean modern office space","#SmallBusiness #OfficeCleaning #BusinessCleaning #ProfessionalImage #CleanWorkspace",Promotional,Small Business
2026-02-08,"ğŸ’¡ Cleaning Tip Tuesday: Did you know regular professional cleaning can extend the life of your carpets by up to 50%? Invest in your home's future. Get a free quote today!","Carpet cleaning close-up","#CleaningTips #CarpetCare #HomeMaintenance #TipTuesday #CleanQuote",Educational,Home Cleaning
2026-02-12,"â¤ï¸ Show your home some love this Valentine's Day! Treat yourself to a sparkling clean space. Book now and enjoy 15% off your first deep clean. Use code: LOVE2026","Heart-shaped cleaning supplies arrangement","#ValentinesDay #TreatYourself #DeepCleaning #CleanHome #SpecialOffer",Promotional,Home Cleaning
2026-02-15,"ğŸ¢ Productivity hack for business owners: A clean workspace = a clear mind. Studies show clean offices boost employee productivity by 15%. Ready to level up? Get your instant quote!","Organized clean desk with laptop","#ProductivityTips #SmallBusiness #OfficeCleaning #WorkSmarter #CleanWorkspace",Educational,Small Business
2026-02-19,"ğŸŒŸ Customer Spotlight: 'CleanQuote made getting a cleaning service so easy! The instant pricing was transparent and the booking took 30 seconds.' - Sarah M. Try it yourself!","5-star review graphic","#CustomerReview #Testimonial #HappyCustomers #CleaningService #TrustCleanQuote",Social Proof,Both
2026-02-22,"ğŸ§¹ Weekend prep made easy! Why spend your Saturday cleaning when you could be relaxing? Our team can handle your home cleaning while you enjoy your weekend. Book in 2 clicks!","Family relaxing on weekend","#WeekendVibes #TimeToRelax #HomeCleaning #WorkLifeBalance #CleanQuote",Lifestyle,Home Cleaning
2026-02-26,"ğŸ“Š Business owners: Tax season is here! Make sure your office is organized and clean for those important meetings with your accountant. Quick quote, quick booking, quick results.","Organized office files and clean desk","#TaxSeason #SmallBusiness #OrganizedOffice #BusinessTips #ProfessionalCleaning",Seasonal,Small Business
2026-03-01,"ğŸŒ¸ Spring is almost here! Time for that deep clean you've been putting off. Our spring cleaning packages include windows, baseboards, and all those hard-to-reach spots. Get your quote now!","Spring flowers with cleaning supplies","#SpringCleaning #DeepClean #FreshStart #HomeCleaning #SpringVibes",Seasonal,Home Cleaning
2026-03-05,"ğŸ’ª Small business success tip: Your workspace reflects your brand. What message is your office sending to clients? Let us help you make it spotless. Instant quotes at CleanQuote.io","Professional handshake in clean office","#BusinessSuccess #BrandImage #OfficeCleaning #SmallBusinessTips #ProfessionalService",Educational,Small Business
2026-03-08,"ğŸ‘© Happy International Women's Day! To all the women business owners and homemakers juggling it all - you deserve a break. Let us handle the cleaning. Special offer today only!","Empowering woman entrepreneur image","#InternationalWomensDay #WomenInBusiness #SelfCare #CleaningService #CelebrateWomen",Seasonal,Both
2026-03-12,"ğŸ€ Lucky you! St. Patrick's Day special: Get a sparkling clean home and find your pot of gold at the end of the rainbow (aka your couch). Book your cleaning today!","Green-themed cleaning supplies","#StPatricksDay #LuckyClean #HomeCleaning #SpecialOffer #CleanQuote",Seasonal,Home Cleaning
2026-03-15,"ğŸ“ˆ Business growth tip: Clean offices have 23% fewer sick days. Invest in regular professional cleaning and watch your team's health (and productivity) improve!","Healthy team in clean office","#BusinessGrowth #EmployeeHealth #OfficeCleaning #SmallBusinessTips #HealthyWorkplace",Educational,Small Business
2026-03-19,"ğŸŒŸ It's that simple: Visit CleanQuote.io â†’ Answer 5 quick questions â†’ Get instant pricing â†’ Book in 30 seconds. No phone tag, no waiting for callbacks. Just clean.","Simple 4-step process infographic","#EasyBooking #InstantQuote #SimplifiedCleaning #ModernSolution #CleanQuote",Promotional,Both
2026-03-22,"ğŸ  Home cleaning myth buster: 'Professional cleaning is too expensive.' Actually, our transparent pricing means no surprises, and most clients save time AND money. See for yourself!","Myth vs Fact graphic","#MythBuster #CleaningMyths #TransparentPricing #AffordableCleaning #CleanQuote",Educational,Home Cleaning
2026-03-26,"ğŸ’¼ Preparing for Q2? Start with a clean slate (and a clean office). Our commercial cleaning packages are designed for small businesses like yours. Custom quotes in under 2 minutes!","Calendar showing Q2 with clean office","#Q2Goals #BusinessPlanning #OfficeCleaning #SmallBusiness #FreshStart",Seasonal,Small Business
2026-03-29,"ğŸŒ· Spring has sprung! Time to open those windows and let the fresh air in - but first, let us handle the deep clean. Your home deserves it. Book your spring cleaning today!","Open windows with spring breeze","#SpringCleaning #FreshStart #HomeCleaning #SpringVibes #CleanHome",Seasonal,Home Cleaning
2026-04-02,"ğŸ¯ Small business owners: Stop losing time on cleaning quotes. CleanQuote.io gives you instant, accurate pricing based on YOUR space. No more waiting days for estimates!","Clock with business owner looking frustrated","#TimeIsMoney #InstantQuotes #SmallBusiness #EfficientSolutions #CleanQuote",Promotional,Small Business
2026-04-05,"ğŸ§¼ Cleaning hack: Regular professional cleaning actually SAVES you money by preventing damage to floors, carpets, and surfaces. Think of it as maintenance, not expense!","Money-saving piggy bank with cleaning supplies","#CleaningHacks #SaveMoney #HomeMaintenance #SmartInvesting #CleanQuote",Educational,Home Cleaning
2026-04-09,"ğŸ° Easter weekend is coming! Get your home guest-ready without the stress. Book your pre-holiday cleaning and enjoy more time with family. Limited slots available!","Easter decorations in clean home","#EasterPrep #HolidayCleaning #GuestReady #HomeCleaning #FamilyTime",Seasonal,Home Cleaning
2026-04-12,"ğŸ“Š Business insight: 94% of customers say they'd avoid a business with a dirty office. Don't let cleaning cost you clients. Get your custom quote today!","Professional business statistic graphic","#BusinessInsights #FirstImpressions #OfficeCleaning #ClientExperience #SmallBusiness",Educational,Small Business
2026-04-16,"ğŸŒŸ Customer love: 'I got my quote in 30 seconds, booked for next day, and my house has never looked better. Why didn't I do this sooner?!' - Mike T. Your turn!","Happy customer testimonial graphic","#CustomerLove #Testimonial #HappyClients #CleaningService #FiveStars",Social Proof,Home Cleaning
2026-04-19,"ğŸ’š Earth Day reminder: Our eco-friendly cleaning products are safe for your family, pets, AND the planet. Clean conscience, clean home. Book your green cleaning today!","Earth Day themed cleaning products","#EarthDay #EcoFriendly #GreenCleaning #SustainableLiving #CleanQuote",Seasonal,Home Cleaning
2026-04-23,"ğŸ¢ Office managers: End-of-month deep clean special! Get your workspace ready for May with our comprehensive cleaning package. Quote + booking in under 5 minutes!","Clean organized office end of month","#EndOfMonth #OfficeCleaning #DeepClean #SmallBusiness #CleanWorkspace",Promotional,Small Business
2026-04-26,"ğŸ  Weekend warriors: Reclaim your Saturdays! Instead of spending 4+ hours cleaning, book our service and spend that time doing what you love. Life's too short for scrubbing!","Person enjoying weekend activities","#WeekendFreedom #WorkLifeBalance #HomeCleaning #ReclaimYourTime #CleanQuote",Lifestyle,Home Cleaning
2026-04-30,"ğŸ’¼ May is Small Business Month! Celebrate by treating your workspace to a professional clean. Your team (and your clients) will thank you. Special rates all month!","Small business celebration theme","#SmallBusinessMonth #CelebrateSmallBusiness #OfficeCleaning #SupportLocal #CleanQuote",Seasonal,Small Business
2026-05-03,"ğŸ‘ª Busy parents: Between work, kids, and everything else, who has time for deep cleaning? We do! Get an instant quote and check 'clean house' off your list for good.","Busy parent with kids and cleaning supplies","#BusyParents #ParentingLife #HomeCleaning #TimeManagement #CleanQuote",Lifestyle,Home Cleaning
2026-05-07,"ğŸ“ˆ Productivity tip: A Stanford study found that clutter reduces focus and productivity by up to 40%. Clear space = clear mind. Get your office cleaning quote now!","Cluttered vs clean desk comparison","#ProductivityHack #ClutterFree #OfficeCleaning #FocusBetter #SmallBusiness",Educational,Small Business
2026-05-10,"ğŸ’ Mother's Day is Sunday! Give mom the gift she really wants: a clean house and a day off. Book a cleaning service and let her relax. She deserves it! â¤ï¸","Mother's Day flowers and card","#MothersDay #GiftIdeas #HomeCleaning #TreatMom #CleanQuote",Seasonal,Home Cleaning
2026-05-14,"ğŸ¯ The CleanQuote difference: No phone calls. No waiting. No surprise fees. Just honest pricing, easy booking, and exceptional cleaning. Try it today!","Brand value proposition graphic","#CleanQuoteDifference #TransparentPricing #EasyBooking #ModernCleaning #TrustUs",Promotional,Both
2026-05-17,"ğŸ¢ Small business reality check: Your office is your second home. Would you let your home get this dirty? Treat your workspace with the same care. Quick quote available now!","Office vs home comparison","#SmallBusinessReality #OfficeCleaning #WorkspaceMatters #ProfessionalCleaning #CleanQuote",Educational,Small Business
2026-05-21,"ğŸ§¹ Cleaning tip: High-touch surfaces (doorknobs, light switches, keyboards) should be cleaned daily. Our regular cleaning plans keep your home healthy. Get your custom plan today!","High-touch surfaces highlighted","#CleaningTips #HealthyHome #GermFree #HomeCleaning #CleanQuote",Educational,Home Cleaning
2026-05-24,"ğŸ–ï¸ This Memorial Day weekend, honor those who served by taking care of yourself. Book a cleaning service and enjoy the long weekend stress-free. Limited availability!","Memorial Day patriotic theme","#MemorialDay #LongWeekend #HomeCleaning #RelaxAndRecharge #CleanQuote",Seasonal,Home Cleaning
2026-05-28,"ğŸ’¼ End of May checklist for business owners: âœ… Review finances âœ… Plan June goals âœ… Get office professionally cleaned. Check all three off with CleanQuote.io!","Business checklist graphic","#BusinessChecklist #MonthEnd #OfficeCleaning #SmallBusiness #StayOrganized",Promotional,Small Business
2026-05-31,"ğŸŒŸ Real talk: We know you're busy. That's why we built CleanQuote.io to be the FASTEST way to book professional cleaning. No forms, no calls, no hassle. Just clean.","Fast/speed themed graphic","#RealTalk #FastBooking #BusyLife #CleaningMadeEasy #CleanQuote",Promotional,Both
2026-06-04,"â˜€ï¸ Summer is here! Time for BBQs, pool parties, and... cleaning? Let us handle the pre-party prep so you can focus on the fun. Get your quote in 30 seconds!","Summer party preparation theme","#SummerVibes #PartyPrep #HomeCleaning #SummerEntertaining #CleanQuote",Seasonal,Home Cleaning
2026-06-07,"ğŸ“Š Business owners: Mid-year review time! While you're evaluating your business, don't forget to evaluate your workspace. A clean office = professional image. Book now!","Mid-year business review theme","#MidYearReview #BusinessGoals #OfficeCleaning #ProfessionalImage #SmallBusiness",Seasonal,Small Business
2026-06-11,"ğŸ  Moving tip: Whether moving in or out, professional cleaning makes the transition smoother. We offer move-in/move-out specials. Get your instant quote today!","Moving boxes in clean home","#MovingTips #MoveInCleaning #MoveOutCleaning #HomeCleaning #CleanQuote",Educational,Home Cleaning
2026-06-14,"ğŸ’¼ Client meeting tomorrow? Make sure your office makes the right impression. Same-day cleaning available! Quick quote at CleanQuote.io - we've got your back!","Professional client meeting in clean office","#ClientMeeting #FirstImpressions #OfficeCleaning #SameDayService #SmallBusiness",Promotional,Small Business
2026-06-18,"ğŸ‘¨ Happy Father's Day! Dads deserve a break too. Give dad the gift of a clean home and a free Sunday. Book your cleaning service today and let him relax!","Father's Day celebration theme","#FathersDay #GiftForDad #HomeCleaning #DadDeservesIt #CleanQuote",Seasonal,Home Cleaning
2026-06-21,"ğŸŒ First day of summer! Time to enjoy the sunshine, not scrub the floors. Our summer cleaning packages keep your home fresh while you soak up the season. Book now!","Summer sunshine and clean home","#FirstDayOfSummer #SummerCleaning #EnjoyTheSun #HomeCleaning #CleanQuote",Seasonal,Home Cleaning
2026-06-25,"ğŸ¢ Small business success secret: Consistency. That includes keeping your office consistently clean. Our recurring cleaning plans make it automatic. Set it and forget it!","Consistent routine calendar graphic","#ConsistencyIsKey #RecurringCleaning #OfficeCleaning #BusinessSuccess #SmallBusiness",Educational,Small Business
2026-06-28,"ğŸ¯ June wrap-up: Did you accomplish your goals this month? Start July strong with a clean slate (literally). Book your end-of-month deep clean today!","Month transition calendar theme","#MonthlyGoals #FreshStart #DeepCleaning #HomeCleaning #CleanQuote",Promotional,Home Cleaning
2026-07-02,"ğŸ† Pre-4th of July cleaning special! Get your home party-ready for Independence Day celebrations. Limited slots for this week - book now before we're fully booked!","4th of July patriotic theme","#FourthOfJuly #PartyReady #HolidayCleaning #HomeCleaning #CleanQuote",Seasonal,Home Cleaning
2026-07-05,"ğŸ’¼ Q3 starts now! Set your business up for success with a clean, organized workspace. Our commercial cleaning packages are designed for growing businesses like yours.","Q3 business planning theme","#Q3Goals #NewQuarter #OfficeCleaning #BusinessGrowth #SmallBusiness",Seasonal,Small Business
2026-07-09,"ğŸ–ï¸ Vacation planning? Don't come home to a messy house! Schedule a cleaning for the day before you return. Walk into a fresh, clean home after your trip. Paradise extended!","Vacation relaxation theme","#VacationPlanning #ComingHome #HomeCleaning #TravelTips #CleanQuote",Lifestyle,Home Cleaning
2026-07-12,"ğŸ“ˆ Business stat: 85% of clients notice office cleanliness within the first 10 seconds of entering. You only get one chance at a first impression. Make it count!","Business statistics graphic","#BusinessStats #FirstImpressions #OfficeCleaning #ClientExperience #SmallBusiness",Educational,Small Business
2026-07-16,"â˜€ï¸ Summer cleaning hack: Focus on high-traffic areas and let us handle the rest. Our customizable cleaning plans mean you only pay for what you need. Smart cleaning!","Summer cleaning supplies","#SummerCleaning #CleaningHacks #SmartCleaning #HomeCleaning #CleanQuote",Educational,Home Cleaning
2026-07-19,"ğŸŒŸ Customer spotlight: 'As a small business owner, time is money. CleanQuote saved me hours of back-and-forth. Got my quote instantly and booked same day!' - Jennifer R.","Business owner testimonial","#CustomerSpotlight #SmallBusiness #Testimonial #TimeIsMoney #CleanQuote",Social Proof,Small Business
2026-07-23,"ğŸ  Mid-summer refresh! Your home works hard for you - give it some TLC. Our deep cleaning service tackles the grime that builds up from AC, humidity, and summer activities.","Mid-summer home refresh theme","#SummerRefresh #DeepCleaning #HomeMaintenance #HomeCleaning #CleanQuote",Seasonal,Home Cleaning
2026-07-26,"ğŸ’¼ Office too hot to handle? Don't let summer heat make your workspace stuffy AND dirty. Our cleaning includes dusting vents and AC units. Breathe easier with CleanQuote!","Summer office cooling theme","#SummerOffice #CleanAir #OfficeCleaning #HealthyWorkspace #SmallBusiness",Seasonal,Small Business
2026-07-30,"ğŸ¯ End of July challenge: What's one thing you've been putting off? If it's deep cleaning your home, we've got you covered. Get your instant quote and check it off today!","Challenge completion theme","#MonthlyChallenge #GetItDone #DeepCleaning #HomeCleaning #CleanQuote",Promotional,Home Cleaning
2026-08-02,"ğŸ“š Back-to-school prep starts now! Get your home organized and clean before the chaos begins. Our family-friendly cleaning services help you start the school year right.","Back to school preparation theme","#BackToSchool #SchoolPrep #HomeCleaning #FamilyLife #CleanQuote",Seasonal,Home Cleaning
2026-08-06,"ğŸ¢ August business tip: Review your overhead costs. Are you spending too much time on cleaning instead of growing your business? Outsource it and focus on what matters.","Business efficiency theme","#BusinessTips #Outsourcing #OfficeCleaning #WorkSmarter #SmallBusiness",Educational,Small Business
2026-08-09,"ğŸŒŸ Why CleanQuote? âœ… Instant pricing âœ… No phone calls âœ… Book in 30 seconds âœ… Transparent rates âœ… Professional results. Try it once, you'll never go back to the old way!","CleanQuote benefits infographic","#WhyCleanQuote #ModernSolution #EasyBooking #ProfessionalCleaning #TryUs",Promotional,Both
2026-08-13,"ğŸ  Late summer cleaning tip: Don't forget about outdoor spaces! We offer patio, deck, and entryway cleaning to keep your whole home looking great. Get your custom quote!","Outdoor patio cleaning","#OutdoorCleaning #PatioClean #HomeCleaning #SummerMaintenance #CleanQuote",Educational,Home Cleaning
2026-08-16,"ğŸ’¼ Preparing for fall business? Start with a clean office. Our end-of-summer deep clean gets your workspace ready for the busy season ahead. Book your August special now!","Fall business preparation theme","#FallPrep #SeasonalCleaning #OfficeCleaning #BusinessReady #SmallBusiness",Seasonal,Small Business
2026-08-20,"ğŸ‘¨â€ğŸ‘©â€ğŸ‘§â€ğŸ‘¦ Parents: School starts soon and life gets crazy. Set up recurring cleaning now and have one less thing to worry about all year. Autopilot cleaning = sanity saved!","School year family schedule","#ParentingHack #RecurringCleaning #SchoolYear #HomeCleaning #CleanQuote",Lifestyle,Home Cleaning
2026-08-23,"ğŸ¯ Small business reality: You started your business to pursue your passion, not to clean toilets. Let us handle the cleaning so you can handle your business. Get your quote!","Business owner pursuing passion","#SmallBusinessReality #FollowYourPassion #OfficeCleaning #Outsource #CleanQuote",Educational,Small Business
2026-08-27,"ğŸ  Labor Day weekend is coming! Spend it relaxing, not cleaning. Book your pre-holiday cleaning now and enjoy the long weekend guilt-free. You've earned it!","Labor Day relaxation theme","#LaborDay #LongWeekend #HomeCleaning #RelaxAndRecharge #CleanQuote",Seasonal,Home Cleaning
2026-08-30,"ğŸ“Š Month-end business check: Is your office representing your brand well? A clean workspace shows clients you're detail-oriented and professional. Quick quote at CleanQuote.io!","Professional brand image theme","#MonthEnd #BrandImage #OfficeCleaning #ProfessionalService #SmallBusiness",Promotional,Small Business
2026-09-03,"ğŸ‚ Fall is in the air! Time for cozy sweaters, pumpkin spice, and... a deep clean? Yes! Our fall cleaning packages prepare your home for the season ahead. Book today!","Fall season transition theme","#FallCleaning #AutumnVibes #SeasonalCleaning #HomeCleaning #CleanQuote",Seasonal,Home Cleaning
2026-09-06,"ğŸ’¼ Q3 final stretch! Make these last few weeks count with a clean, organized office. Boost team morale and productivity with a professional cleaning. Same-day quotes available!","Q3 final push theme","#Q3Goals #FinalStretch #OfficeCleaning #TeamMorale #SmallBusiness",Seasonal,Small Business
2026-09-10,"ğŸ  Cleaning myth: 'I can do it myself for free.' Reality: Your time is valuable! Calculate what 4 hours of cleaning costs you vs. hiring pros. Spoiler: We're cheaper!","Time value calculation graphic","#CleaningMyths #TimeIsMoney #ValueYourTime #HomeCleaning #CleanQuote",Educational,Home Cleaning
2026-09-13,"ğŸŒŸ Customer love: 'I was skeptical about instant quotes, but CleanQuote nailed it. Price was accurate, service was excellent, booking was a breeze!' - Tom K. See for yourself!","5-star customer review","#CustomerLove #FiveStars #Testimonial #AccuratePricing #CleanQuote",Social Proof,Both
2026-09-17,"ğŸ Fall cleaning checklist: âœ… Windows âœ… Gutters âœ… Deep clean before holidays âœ… Prepare for indoor season. We handle it all! Get your fall cleaning quote today!","Fall cleaning checklist","#FallCleaning #SeasonalMaintenance #CleaningChecklist #HomeCleaning #CleanQuote",Seasonal,Home Cleaning
2026-09-20,"ğŸ¢ Small business owners: As you plan for Q4, don't forget about your workspace. A clean office sets the tone for a strong finish to the year. Book your cleaning now!","Q4 business planning theme","#Q4Planning #StrongFinish #OfficeCleaning #YearEndGoals #SmallBusiness",Seasonal,Small Business
2026-09-24,"ğŸ  Hosting Thanksgiving? Start planning now! Our pre-holiday deep cleaning packages ensure your home is guest-ready. Early bird special: Book now, save 10%!","Thanksgiving preparation theme","#ThanksgivingPrep #HolidayHosting #HomeCleaning #EarlyBird #CleanQuote",Seasonal,Home Cleaning
2026-09-27,"ğŸ’¼ End-of-month productivity tip: A clean desk policy improves focus and reduces stress. Implement it in your office with our weekly cleaning service. Consistency = results!","Clean desk policy theme","#ProductivityTip #CleanDesk #OfficeCleaning #StressFree #SmallBusiness",Educational,Small Business
2026-10-01,"ğŸƒ October is here! Between Halloween prep and fall activities, who has time for cleaning? We do! Get your home fall-ready with our seasonal cleaning packages.","October Halloween theme","#October #FallVibes #SeasonalCleaning #HomeCleaning #CleanQuote",Seasonal,Home Cleaning
2026-10-04,"ğŸ“ˆ Q4 is here! This is YOUR quarter. Start strong with a clean, organized workspace that inspires success. Our commercial cleaning packages are designed for winners like you!","Q4 motivation theme","#Q4Goals #StartStrong #OfficeCleaning #BusinessSuccess #SmallBusiness",Seasonal,Small Business
2026-10-08,"ğŸ  Fall allergens got you down? Our deep cleaning reduces dust, pollen, and allergens in your home. Breathe easier this season. Get your healthy home quote today!","Allergy relief cleaning theme","#FallAllergies #HealthyHome #DeepCleaning #AllergyRelief #CleanQuote",Educational,Home Cleaning
2026-10-11,"ğŸŒŸ The CleanQuote promise: Transparent pricing. No surprises. Professional results. Easy booking. If we don't deliver, we make it right. That's our guarantee!","Brand promise guarantee graphic","#CleanQuotePromise #Guarantee #TransparentPricing #ProfessionalService #TrustUs",Promotional,Both
2026-10-15,"ğŸ’¼ Small Business Week! Celebrate by investing in your workspace. A clean office is a productive office. Special rates for small businesses all week. Get your quote now!","Small Business Week celebration","#SmallBusinessWeek #CelebrateSmallBiz #OfficeCleaning #SpecialOffer #CleanQuote",Seasonal,Small Business
2026-10-18,"ğŸƒ Pre-Halloween cleaning special! Get your home party-ready for trick-or-treaters and guests. We'll make your house so clean, it's scary! ğŸ‘» Book by Oct 25th!","Halloween party prep theme","#Halloween #PartyReady #HolidayCleaning #SpookySeason #CleanQuote",Seasonal,Home Cleaning
2026-10-22,"ğŸ¢ Year-end planning tip: Budget for 2027 now. Include regular office cleaning in your overhead - it's an investment in your team's health and your company's image!","Year-end budget planning theme","#YearEndPlanning #2027Budget #OfficeCleaning #SmartInvesting #SmallBusiness",Educational,Small Business
2026-10-25,"ğŸ‚ Fall deep clean special! Before the holiday rush hits, get your home thoroughly cleaned. We tackle the spots you've been ignoring all year. No judgment, just clean!","Fall deep clean theme","#FallCleaning #DeepClean #PreHoliday #HomeCleaning #CleanQuote",Promotional,Home Cleaning
2026-10-29,"ğŸ¯ October wrap-up: How's your year going? Finish strong by starting November with a clean home and clear mind. Book your end-of-month cleaning today!","Month transition motivation","#MonthlyGoals #FinishStrong #FreshStart #HomeCleaning #CleanQuote",Promotional,Home Cleaning
2026-11-01,"ğŸ November is here! Holiday season is around the corner. Get ahead of the chaos with our pre-holiday cleaning packages. Your future self will thank you!","November holiday prep theme","#November #HolidayPrep #GetAhead #HomeCleaning #CleanQuote",Seasonal,Home Cleaning
2026-11-05,"ğŸ’¼ Q4 check-in: Are you on track to hit your goals? A clean, organized office helps you focus on what matters. Let us handle the cleaning while you close out the year strong!","Q4 progress check theme","#Q4CheckIn #YearEndGoals #OfficeCleaning #StayFocused #SmallBusiness",Seasonal,Small Business
2026-11-08,"ğŸ  Hosting Thanksgiving? Our pre-holiday deep clean includes: kitchen, bathrooms, living areas, and all those spots guests might see. Book now - slots filling fast!","Thanksgiving hosting prep","#ThanksgivingPrep #HolidayHosting #DeepCleaning #GuestReady #CleanQuote",Seasonal,Home Cleaning
2026-11-12,"ğŸŒŸ Real customer review: 'I've used 3 other cleaning services. CleanQuote is the only one that made booking easy AND delivered amazing results. I'm never going back!' - Lisa M.","Customer testimonial graphic","#RealReview #CustomerLove #BestCleaning #FiveStars #CleanQuote",Social Proof,Both
2026-11-15,"ğŸ’¼ Black Friday prep for business owners: While everyone else is shopping, prepare your office for a strong December. Our commercial cleaning gets you ready for year-end push!","Black Friday business prep","#BlackFriday #BusinessPrep #OfficeCleaning #DecemberReady #SmallBusiness",Seasonal,Small Business
2026-11-19,"ğŸ¦ƒ Thanksgiving week! Last-minute cleaning slots available! Don't stress about cleaning before guests arrive. We've got you covered. Book your emergency clean now!","Thanksgiving week urgency","#ThanksgivingWeek #LastMinute #EmergencyCleaning #StressFree #CleanQuote",Seasonal,Home Cleaning
2026-11-22,"ğŸ  Post-Thanksgiving recovery: Hosting was fun, but now you're exhausted. Let us handle the post-party cleanup so you can enjoy your weekend. You've earned it!","Post-Thanksgiving cleanup","#PostThanksgiving #PartyCleanup #RecoveryMode #HomeCleaning #CleanQuote",Seasonal,Home Cleaning
2026-11-26,"ğŸ’¼ Cyber Monday deal: Book your December office cleaning today and get 15% off! Keep your workspace professional through the busy holiday season. Use code: CYBER2026","Cyber Monday business deal","#CyberMonday #SpecialOffer #OfficeCleaning #HolidayDeal #SmallBusiness",Seasonal,Small Business
2026-11-29,"ğŸ„ December starts tomorrow! Holiday season is officially here. Get your home holiday-ready with our pre-Christmas cleaning packages. Book early - we fill up fast!","December holiday prep theme","#December #HolidaySeason #ChristmasPrep #HomeCleaning #CleanQuote",Seasonal,Home Cleaning
2026-12-03,"ğŸ¢ Year-end business tip: Close out 2026 strong with a clean, organized office. First impressions matter for those year-end client meetings. Get your quote today!","Year-end business meetings","#YearEnd #BusinessTips #OfficeCleaning #ClientMeetings #SmallBusiness",Seasonal,Small Business
2026-12-06,"ğŸ… Holiday hosting season! Between parties, family visits, and gift wrapping, who has time to clean? We do! Our holiday cleaning packages keep your home guest-ready all season.","Holiday hosting season theme","#HolidayHosting #ChristmasParties #SeasonalCleaning #HomeCleaning #CleanQuote",Seasonal,Home Cleaning
2026-12-10,"ğŸ’¼ Office holiday party coming up? Make sure your workspace looks festive AND clean. We offer pre-party cleaning services. Your team deserves to celebrate in style!","Office holiday party prep","#HolidayParty #OfficeCleaning #CelebrationReady #TeamParty #SmallBusiness",Seasonal,Small Business
2026-12-13,"ğŸ Gift idea: Give the gift of a clean home! CleanQuote gift certificates make perfect presents for busy friends and family. They'll thank you every time they use it!","Holiday gift certificate idea","#GiftIdea #HolidayGifts #CleaningGift #PerfectPresent #CleanQuote",Seasonal,Home Cleaning
2026-12-17,"ğŸŒŸ Year in review: CleanQuote helped thousands of homeowners and businesses get clean spaces in seconds, not days. Thank you for trusting us! Here's to an even cleaner 2027!","Year in review gratitude","#YearInReview #ThankYou #CustomerAppreciation #2026Recap #CleanQuote",Social Proof,Both
2026-12-20,"ğŸ  Last-minute Christmas cleaning! Final slots available before Christmas Day. Get your home ready for family gatherings. Book NOW - this is your last chance!","Last-minute Christmas urgency","#ChristmasCleaning #LastMinute #HolidayReady #EmergencyClean #CleanQuote",Seasonal,Home Cleaning
2026-12-24,"ğŸ„ Merry Christmas Eve! While you're celebrating, remember: post-holiday cleanup doesn't have to be your job. Book your after-Christmas cleaning now and start 2027 fresh!","Christmas Eve greeting","#ChristmasEve #MerryChristmas #PostHolidayClean #HomeCleaning #CleanQuote",Seasonal,Home Cleaning
2026-12-27,"ğŸ’¼ Year-end office closure? Before you lock up for the holidays, schedule a deep clean. Come back to a fresh, organized workspace in 2027. Start the year right!","Year-end office closure","#YearEnd #OfficeClosure #DeepClean #NewYearReady #SmallBusiness",Seasonal,Small Business
2026-12-31,"ğŸŠ Happy New Year's Eve! 2027 is almost here. Start fresh with a clean home. Our New Year cleaning packages help you begin the year organized and stress-free. Book today!","New Year's Eve celebration","#NewYearsEve #2027 #FreshStart #NewYearCleaning #CleanQuote",Seasonal,Home Cleaning
2027-01-03,"ğŸ¯ New Year, New You, New Clean Home! Make 2027 your cleanest year yet. Set up recurring cleaning and never worry about it again. Your resolution made easy!","New Year resolution theme","#NewYear #2027Goals #NewYearNewYou #RecurringCleaning #CleanQuote",Seasonal,Home Cleaning
2027-01-07,"ğŸ’¼ Q1 2027 starts now! Set your business up for success with a clean, organized workspace. Our commercial cleaning packages help you start the year strong. Get your quote!","Q1 2027 business start","#Q1Goals #NewYear #OfficeCleaning #BusinessSuccess #SmallBusiness",Seasonal,Small Business
2027-01-10,"ğŸ  Post-holiday recovery: Decorations are down, but the mess remains. Our post-holiday deep clean gets your home back to normal (and better). Book your reset cleaning today!","Post-holiday cleanup theme","#PostHoliday #DeepClean #BackToNormal #HomeCleaning #CleanQuote",Seasonal,Home Cleaning
2027-01-14,"ğŸŒŸ Customer spotlight: 'I tried CleanQuote on a whim and now I'm a customer for life. The instant quotes are accurate, booking is effortless, and the cleaning is top-notch!' - David S.","Customer testimonial graphic","#CustomerSpotlight #LifetimeCustomer #FiveStars #Testimonial #CleanQuote",Social Proof,Both
2027-01-17,"ğŸ’¼ January business tip: Audit your time. How many hours do you spend on non-revenue activities like cleaning? Outsource it and focus on growth. Get your quote at CleanQuote.io!","Time audit business tip","#BusinessTips #TimeManagement #Outsource #OfficeCleaning #SmallBusiness",Educational,Small Business
2027-01-21,"ğŸ  Winter cleaning tip: Cold weather means more time indoors. Keep your home fresh and healthy with regular professional cleaning. Our winter packages include extra attention to high-touch areas!","Winter cleaning health theme","#WinterCleaning #HealthyHome #IndoorSeason #HomeCleaning #CleanQuote",Educational,Home Cleaning
2027-01-24,"ğŸ¯ January wrap-up: Did you stick to your resolutions? If 'keep a cleaner home' was one of them, we can help! Set up recurring cleaning and check that goal off for good.","Resolution follow-up theme","#JanuaryGoals #Resolutions #RecurringCleaning #GoalAchieved #CleanQuote",Promotional,Home Cleaning
2027-01-28,"ğŸ’¼ Month-end business check: How was January? Start February strong with a clean office. Our commercial cleaning services help you maintain momentum. Quick quote available now!","Month-end business transition","#MonthEnd #FebruaryReady #OfficeCleaning #BusinessMomentum #SmallBusiness",Promotional,Small Business
2027-01-31,"ğŸŒŸ Thank you for an amazing year! CleanQuote is here to make your life easier in 2027. Instant quotes. Easy booking. Professional cleaning. That's our promise. Let's make this year sparkle! âœ¨","Year gratitude and promise","#ThankYou #2027 #CleanQuotePromise #HereForYou #LetsMakeItSparkle",Social Proof,Both